tp,fp,tn,fn,rand_index,precision,recall,f1_score,clusters,k_means_reduction
3171,2500,5000,504,0.731185682326622,0.5591606418621055,0.8628571428571429,0.6785790712604323,3,6
