{
    "metrics/precision(B)": 0.4440587672736097,
    "metrics/recall(B)": 0.1130512525083502,
    "metrics/mAP50(B)": 0.10910263496545483,
    "metrics/mAP50-95(B)": 0.06476163780222288,
    "fitness": 0.06919573751854607
}