{
    "metrics/precision(B)": 0.46377077899705144,
    "metrics/recall(B)": 0.11794194631140412,
    "metrics/mAP50(B)": 0.11550873287660991,
    "metrics/mAP50-95(B)": 0.06599213856445636,
    "fitness": 0.07094379799567171
}