{
    "metrics/precision(B)": 0.43909564785722927,
    "metrics/recall(B)": 0.10691882502519098,
    "metrics/mAP50(B)": 0.10693816324796436,
    "metrics/mAP50-95(B)": 0.06531328215520034,
    "fitness": 0.06947577026447674
}