{
    "metrics/precision(B)": 0.45827381971574566,
    "metrics/recall(B)": 0.12063963212087413,
    "metrics/mAP50(B)": 0.11257417672988462,
    "metrics/mAP50-95(B)": 0.0694177467607956,
    "fitness": 0.07373338975770449
}