{
    "metrics/precision(B)": 0.4820921904547124,
    "metrics/recall(B)": 0.11580131886883026,
    "metrics/mAP50(B)": 0.11202961842693256,
    "metrics/mAP50-95(B)": 0.07114609625273671,
    "fitness": 0.0752344484701563
}