tp,fp,tn,fn,rand_index,precision,recall,f1_score,clusters,k_means_reduction
3219,1900,5600,456,0.78917225950783,0.6288337565930846,0.8759183673469387,0.7320900614055037,3,65
