{
    "metrics/precision(B)": 0.35902462279692193,
    "metrics/recall(B)": 0.1771622926016977,
    "metrics/mAP50(B)": 0.15919972448112443,
    "metrics/mAP50-95(B)": 0.10102947751492655,
    "fitness": 0.10684650221154635
}