tp,fp,tn,fn,rand_index,precision,recall,f1_score,clusters,k_means_reduction
3005,1346,6154,670,0.8195973154362416,0.690645828545162,0.817687074829932,0.7488163468726637,3,110
