tp,fp,tn,fn,rand_index,precision,recall,f1_score,clusters,k_means_reduction
3442,2304,5196,233,0.7729753914988814,0.5990254089801601,0.9365986394557824,0.7307079927820826,3,125
