{
    "metrics/precision(B)": 0.4843734170931199,
    "metrics/recall(B)": 0.11608474860946254,
    "metrics/mAP50(B)": 0.11561668005638681,
    "metrics/mAP50-95(B)": 0.06941186824343047,
    "fitness": 0.07403234942472611
}