{
    "metrics/precision(B)": 0.49414607623393575,
    "metrics/recall(B)": 0.10866429014788695,
    "metrics/mAP50(B)": 0.11035307722942,
    "metrics/mAP50-95(B)": 0.06440223680908133,
    "fitness": 0.06899732085111521
}