{
    "metrics/precision(B)": 0.49557822448411987,
    "metrics/recall(B)": 0.09775935021636734,
    "metrics/mAP50(B)": 0.09237615198946142,
    "metrics/mAP50-95(B)": 0.05583420153162307,
    "fitness": 0.059488396577406906
}