{
    "metrics/precision(B)": 0.44923033933374457,
    "metrics/recall(B)": 0.11341183333772151,
    "metrics/mAP50(B)": 0.11204057070371622,
    "metrics/mAP50-95(B)": 0.06621908167168637,
    "fitness": 0.07080123057488935
}