model_name,accuracy,auc,cohen_kappa,f1_score,fn_rate,fp_rate,mcc,prc_auc,precision,recall
Modello LogisticRegressionGD,0.959064,0.990856,0.912876,0.945736,0.061538,0.028302,0.912946,0.988143,0.953125,0.938462
Modello Scikit_learn,0.964912,0.986067,0.924191,0.951613,0.092308,0.0,0.926858,0.986352,1.0,0.907692
