tp,fp,tn,fn,rand_index,precision,recall,f1_score,clusters,k_means_reduction
3026,1490,6010,649,0.8085906040268457,0.6700620017714792,0.8234013605442176,0.7388597240874131,3,125
