tp,fp,tn,fn,rand_index,precision,recall,f1_score,clusters,k_means_reduction
2750,1046,6454,925,0.8236241610738255,0.7244467860906217,0.7482993197278912,0.7361798955963057,3,19
