{
    "metrics/precision(B)": 0.47188555692250245,
    "metrics/recall(B)": 0.11966203649717753,
    "metrics/mAP50(B)": 0.1182920293041646,
    "metrics/mAP50-95(B)": 0.07199723286487347,
    "fitness": 0.0766267125088026
}