{
    "metrics/precision(B)": 0.25264751821851505,
    "metrics/recall(B)": 0.14864293434383183,
    "metrics/mAP50(B)": 0.1246317234324858,
    "metrics/mAP50-95(B)": 0.07893697433439921,
    "fitness": 0.08350644924420787
}