{
    "metrics/precision(B)": 0.33628935388768705,
    "metrics/recall(B)": 0.22722503584126555,
    "metrics/mAP50(B)": 0.20398326790848878,
    "metrics/mAP50-95(B)": 0.1345590262070052,
    "fitness": 0.14150145037715356
}