tp,fp,tn,fn,rand_index,precision,recall,f1_score,clusters,k_means_reduction
3491,2300,5200,184,0.7777181208053692,0.6028319806596443,0.9499319727891157,0.7375871540249312,3,20
