tp,fp,tn,fn,rand_index,precision,recall,f1_score,clusters,k_means_reduction
3059,1400,6100,616,0.8195973154362416,0.6860282574568289,0.8323809523809523,0.7521514629948365,3,20
