tp,fp,tn,fn,rand_index,precision,recall,f1_score,clusters,k_means_reduction
3050,968,6532,625,0.8574496644295302,0.7590841214534594,0.8299319727891157,0.7929286364227219,3,80
