tp,fp,tn,fn,rand_index,precision,recall,f1_score,clusters,k_means_reduction
3226,530,6970,449,0.9123937360178971,0.8588924387646433,0.8778231292517007,0.8682546090701118,3,20
