{"lambda_": 0.011233621690895234, "learning_rate": 0.015246748254295629, "n_iterations": 940, "regularization": "ridge"}