{
    "RMSE": 3.765213247386595,
    "MAE": 2.707289789971995,
    "R2": 0.948274705230309,
    "ExVar": 0.9483310158278722,
    "MAPE": 0.5972605974853223
}