RMSE,MAE,R2,ExVar,MAPE
4.150369708612184,3.1324162983012505,0.9372942967426443,0.9373664363131748,0.6901764578265761
