RMSE,MAE,R2,ExVar,MAPE
3.765213247386595,2.707289789971995,0.948274705230309,0.9483310158278722,0.5972605974853223
