{
    "RMSE": 4.150369708612184,
    "MAE": 3.1324162983012505,
    "R2": 0.9372942967426443,
    "ExVar": 0.9373664363131748,
    "MAPE": 0.6901764578265761
}