MSE,RMSE,MAE,R2,ExVar,MAPE
15.907168271345988,3.9883791534088116,3.1142886376426056,0.9429897373662697,0.9430554991488034,0.6848598043298343
