tp,fp,tn,fn,rand_index,precision,recall,f1_score,clusters,k_means_reduction
3065,866,6634,610,0.8679194630872483,0.7796998219282625,0.8340136054421768,0.8059426768340784,3,125
