tp,fp,tn,fn,rand_index,precision,recall,f1_score,clusters,k_means_reduction
3626,2500,5000,49,0.7719015659955257,0.5919033627162912,0.9866666666666667,0.739924497500255,3,65
