tp,fp,tn,fn,rand_index,precision,recall,f1_score,clusters,k_means_reduction
3086,950,6550,589,0.8622818791946308,0.7646184340931615,0.8397278911564626,0.8004149915704838,3,11
