tp,fp,tn,fn,rand_index,precision,recall,f1_score,clusters,k_means_reduction
3054,1150,6350,621,0.8415212527964205,0.7264509990485252,0.8310204081632653,0.7752252823962431,3,6
