tp,fp,tn,fn,rand_index,precision,recall,f1_score,clusters,k_means_reduction
3114,850,6650,561,0.8737360178970918,0.7855701311806257,0.8473469387755102,0.8152899594187721,3,110
