tp,fp,tn,fn,rand_index,precision,recall,f1_score,clusters,k_means_reduction
3075,1000,6500,600,0.8568232662192393,0.754601226993865,0.8367346938775511,0.7935483870967743,3,14
