{
  "0_1": {
    "0_1": 0.0,
    "10_11": 1.7082466139807415,
    "12_13": 2.0360685763620507,
    "14": 1.28150936135221,
    "15": 1.323600207756429,
    "2_3": 1.1397308594439044,
    "4": 1.5464982886871161,
    "5": 1.8717867332384146,
    "6": 1.7344650117300466,
    "7": 2.0162767992806883,
    "8": 1.9479852103703954,
    "9": 1.504009411439574
  },
  "10_11": {
    "0_1": 1.7082466139807415,
    "10_11": 0.0,
    "12_13": 2.753432863780603,
    "14": 2.3652777934723215,
    "15": 2.2240659602810045,
    "2_3": 1.432043636374161,
    "4": 1.9322971536131577,
    "5": 2.5327849307212524,
    "6": 1.8580505857710776,
    "7": 2.1454390863605797,
    "8": 0.666809773601783,
    "9": 0.6354204099552988
  },
  "12_13": {
    "0_1": 2.0360685763620507,
    "10_11": 2.753432863780603,
    "12_13": 0.0,
    "14": 1.9074053332464365,
    "15": 1.795470545121447,
    "2_3": 2.347241827869881,
    "4": 1.9314347071497324,
    "5": 2.6728675659028642,
    "6": 2.3095943249406132,
    "7": 2.3002982382411004,
    "8": 2.7753823064936385,
    "9": 2.5026892100349167
  },
  "14": {
    "0_1": 1.28150936135221,
    "10_11": 2.3652777934723215,
    "12_13": 1.9074053332464365,
    "14": 0.0,
    "15": 0.6852999531191283,
    "2_3": 1.7912403617424453,
    "4": 1.7385723987033497,
    "5": 2.5529028341981457,
    "6": 2.059332806779474,
    "7": 2.0047749123132785,
    "8": 2.6173309734369665,
    "9": 2.190146354438399
  },
  "15": {
    "0_1": 1.323600207756429,
    "10_11": 2.2240659602810045,
    "12_13": 1.795470545121447,
    "14": 0.6852999531191283,
    "15": 0.0,
    "2_3": 1.8102016296236185,
    "4": 1.5584761803336549,
    "5": 2.545036811677366,
    "6": 1.9479991896529807,
    "7": 1.8451025353498693,
    "8": 2.464205009810862,
    "9": 2.024271520071332
  },
  "2_3": {
    "0_1": 1.1397308594439044,
    "10_11": 1.432043636374161,
    "12_13": 2.347241827869881,
    "14": 1.7912403617424453,
    "15": 1.8102016296236185,
    "2_3": 0.0,
    "4": 1.459986761523342,
    "5": 1.9780893178007664,
    "6": 1.6801330727313664,
    "7": 1.9377295694748207,
    "8": 1.4728412447936134,
    "9": 1.0166499095904935
  },
  "4": {
    "0_1": 1.5464982886871161,
    "10_11": 1.9322971536131577,
    "12_13": 1.9314347071497324,
    "14": 1.7385723987033497,
    "15": 1.5584761803336549,
    "2_3": 1.459986761523342,
    "4": 0.0,
    "5": 1.751596458383073,
    "6": 0.6528009717099854,
    "7": 0.6481292703064148,
    "8": 2.051306685396799,
    "9": 1.6429794426305628
  },
  "5": {
    "0_1": 1.8717867332384146,
    "10_11": 2.5327849307212524,
    "12_13": 2.6728675659028642,
    "14": 2.5529028341981457,
    "15": 2.545036811677366,
    "2_3": 1.9780893178007664,
    "4": 1.751596458383073,
    "5": 0.0,
    "6": 1.5763429893047094,
    "7": 1.947742825226116,
    "8": 2.7990130906034203,
    "9": 2.4035345078347152
  },
  "6": {
    "0_1": 1.7344650117300466,
    "10_11": 1.8580505857710776,
    "12_13": 2.3095943249406132,
    "14": 2.059332806779474,
    "15": 1.9479991896529807,
    "2_3": 1.6801330727313664,
    "4": 0.6528009717099854,
    "5": 1.5763429893047094,
    "6": 0.0,
    "7": 0.6563646272606243,
    "8": 2.017969148114313,
    "9": 1.699637146976992
  },
  "7": {
    "0_1": 2.0162767992806883,
    "10_11": 2.1454390863605797,
    "12_13": 2.3002982382411004,
    "14": 2.0047749123132785,
    "15": 1.8451025353498693,
    "2_3": 1.9377295694748207,
    "4": 0.6481292703064148,
    "5": 1.947742825226116,
    "6": 0.6563646272606243,
    "7": 0.0,
    "8": 2.325577133057518,
    "9": 1.977796746913792
  },
  "8": {
    "0_1": 1.9479852103703954,
    "10_11": 0.666809773601783,
    "12_13": 2.7753823064936385,
    "14": 2.6173309734369665,
    "15": 2.464205009810862,
    "2_3": 1.4728412447936134,
    "4": 2.051306685396799,
    "5": 2.7990130906034203,
    "6": 2.017969148114313,
    "7": 2.325577133057518,
    "8": 0.0,
    "9": 0.7514616102351726
  },
  "9": {
    "0_1": 1.504009411439574,
    "10_11": 0.6354204099552988,
    "12_13": 2.5026892100349167,
    "14": 2.190146354438399,
    "15": 2.024271520071332,
    "2_3": 1.0166499095904935,
    "4": 1.6429794426305628,
    "5": 2.4035345078347152,
    "6": 1.699637146976992,
    "7": 1.977796746913792,
    "8": 0.7514616102351726,
    "9": 0.0
  },
  "9_10_11": {}
}