tp,fp,tn,fn,rand_index,precision,recall,f1_score,clusters,k_means_reduction
3052,834,6666,623,0.8696196868008949,0.7853834276891405,0.8304761904761905,0.807300621610898,3,140
