tp,fp,tn,fn,rand_index,precision,recall,f1_score,clusters,k_means_reduction
3017,1121,6379,658,0.8408053691275168,0.7290961817303045,0.820952380952381,0.7723025726353513,3,65
