{
  "lambda_": 0.011233621690895234,
  "learning_rate": 0.02853983686604182,
  "n_iterations": 4731,
  "regularization": "ridge"
}