{"lambda_": 0.0021602177830877733, "learning_rate": 0.06877728743793542, "n_iterations": 1944, "regularization": "ridge"}