{"lambda_": 0.06276718872380332, "learning_rate": 0.023530060684826912, "n_iterations": 10360, "regularization": "ridge"}