{"lambda_": 1.1533999859559563, "learning_rate": 0.0022066991249460105, "n_iterations": 3392, "regularization": "lasso"}