{
    "lambda_": 0.054025693269002174,
    "learning_rate": 0.0464830780878883,
    "n_iterations": 5622,
    "regularization": "none"
}