{"lambda_": 0.12996535162010367, "learning_rate": 0.057038430274030945, "n_iterations": 1138, "regularization": "lasso", "accuracy": 0.9646017699115044}