model_name,auc,f1_score,fp_rate,mcc,prc_auc,precision,recall
LogisticRegressionGD,0.990179,0.959219,0.014286,0.930073,0.966071,0.98,0.946429
Scikit-learn,0.990179,0.959219,0.014286,0.930073,0.966071,0.98,0.946429
