model_name,accuracy,auc,cohen_kappa,f1_score,fn_rate,fp_rate,mcc,prc_auc,precision,recall
LogisticRegressionGD,0.964872,0.991058,0.924148,0.953752,0.036806,0.038164,0.925512,0.989301,0.946563,0.963194
Scikit_learn,0.972308,0.991058,0.938327,0.960284,0.057639,0.012392,0.939975,0.989301,0.981201,0.942361
