model_name,accuracy,auc,cohen_kappa,f1_score,fn_rate,fp_rate,mcc,prc_auc,precision,recall
LogisticRegressionGD,0.969227,0.990372,0.932812,0.9582,0.05871,0.01488,0.934196,0.988445,0.977677,0.94129
Scikit_learn,0.969324,0.990372,0.934425,0.960405,0.054619,0.015154,0.936141,0.988445,0.978388,0.945381
