model_name,auc,f1_score,fp_rate,mcc,prc_auc,precision,recall
LogisticRegressionGD,0.987054,0.948504,0.026786,0.910924,0.959821,0.955,0.946429
Scikit_learn,0.987054,0.934219,0.026786,0.891933,0.947321,0.955,0.921429
