model_name,accuracy,auc,cohen_kappa,f1_score,fn_rate,fp_rate,mcc,prc_auc,precision,recall
LogisticRegressionGD,0.975845,0.99617,0.949596,0.970398,0.047476,0.008052,0.950669,0.995547,0.989899,0.952524
Scikit_learn,0.969324,0.99617,0.934425,0.960405,0.054619,0.015154,0.936141,0.995547,0.978388,0.945381
