model_name,auc,f1_score,fp_rate,mcc,prc_auc,precision,recall
LogisticRegressionGD,0.987054,0.959219,0.014286,0.930073,0.966071,0.98,0.946429
Scikit_learn,0.987054,0.944933,0.014286,0.911083,0.953571,0.98,0.921429
