model_name,accuracy,auc,cohen_kappa,f1_score,fn_rate,fp_rate,mcc,prc_auc,precision,recall
LogisticRegressionGD,0.975,0.990236,0.945473,0.965648,0.041389,0.016508,0.946543,0.988771,0.974474,0.958611
Scikit_learn,0.969936,0.990236,0.934997,0.959419,0.053194,0.016508,0.936095,0.988771,0.973889,0.946806
