model_name,accuracy,auc,f1_score,fn_rate,fp_rate,mcc,prc_auc,precision,recall
LogisticRegressionGD,0.947246,0.985977,0.926532,0.084792,0.03053,0.887664,0.942339,0.943259,0.915208
Scikit_learn,0.971449,0.985977,0.964985,0.047476,0.015733,0.941339,0.968396,0.979172,0.952524
