model_name,accuracy,auc,cohen_kappa,f1_score,fn_rate,fp_rate,mcc,prc_auc,precision,recall
LogisticRegressionGD,0.971498,0.995968,0.940167,0.964758,0.047184,0.015524,0.94184,0.968646,0.979375,0.952816
Scikit_learn,0.969324,0.995968,0.934425,0.960405,0.054619,0.015154,0.936141,0.965114,0.978388,0.945381
