model_name,accuracy,auc,cohen_kappa,f1_score,fn_rate,fp_rate,mcc,prc_auc,precision,recall
LogisticRegressionGD,0.97372,0.995968,0.944887,0.967774,0.04192,0.015524,0.946099,0.971278,0.979375,0.95808
Scikit_learn,0.969324,0.995968,0.934425,0.960405,0.054619,0.015154,0.936141,0.965114,0.978388,0.945381
