model_name,auc,f1_score,fp_rate,mcc,prc_auc,precision,recall
Modello LogisticRegressionGD,0.9882877926523627,0.9717314487632509,0.020905923344947737,0.9441448813470392,0.9720031786784032,0.9786476868327402,0.9649122807017544
Modello Scikit-learn,0.9874197689345314,0.9626998223801065,0.024390243902439025,0.926843953890292,0.9632434745400085,0.9748201438848921,0.9508771929824561
