model_name,accuracy,auc,f1_score,fp_rate,mcc,prc_auc,precision,recall
Modello LogisticRegressionGD,0.958824,0.98826,0.95977,0.036364,0.917668,0.958961,0.965318,0.954286
Modello Scikit_learn,0.955882,0.988398,0.956772,0.036364,0.911876,0.956104,0.965116,0.948571
