model_name,auc,f1_score,fp_rate,mcc,prc_auc,precision,recall
Modello LogisticRegressionGD,0.991213,0.946108,0.034483,0.915009,0.958662,0.940476,0.951807
Modello Scikit-learn,0.992148,0.949555,0.037931,0.920255,0.962962,0.935673,0.963855
