model_name,accuracy,auc,cohen_kappa,f1_score,fn_rate,fp_rate,mcc,prc_auc,precision,recall
Modello LogisticRegressionGD,0.903509,0.961317,0.795965,0.873563,0.173913,0.044118,0.79941,0.965444,0.926829,0.826087
Modello Scikit_learn,0.973684,0.983056,0.94475,0.966292,0.065217,0.0,0.946195,0.985749,1.0,0.934783
