model_name,accuracy,auc,cohen_kappa,f1_score,fn_rate,fp_rate,mcc,prc_auc,precision,recall
Modello LogisticRegressionGD,0.982456,0.988171,0.963297,0.977778,0.043478,0.0,0.963946,0.988151,1.0,0.956522
Modello Scikit_learn,0.973684,0.983056,0.94475,0.966292,0.065217,0.0,0.946195,0.985749,1.0,0.934783
