model_name,accuracy,auc,f1_score,fn_rate,fp_rate,mcc,prc_auc,precision,recall
Modello LogisticRegressionGD,0.964912,0.995524,0.955556,0.065217,0.014706,0.927218,0.960038,0.977273,0.934783
Modello Scikit_learn,0.973684,0.991688,0.966292,0.065217,0.0,0.946195,0.967391,1.0,0.934783
