model_name,accuracy,auc,cohen_kappa,f1_score,fn_rate,fp_rate,mcc,prc_auc,precision,recall
Modello LogisticRegressionGD,0.97076,0.990276,0.937395,0.96063,0.061538,0.009434,0.938057,0.988873,0.983871,0.938462
Modello Scikit_learn,0.97076,0.985196,0.937017,0.96,0.076923,0.0,0.938881,0.986832,1.0,0.923077
