model_name,accuracy,auc,cohen_kappa,f1_score,fn_rate,fp_rate,mcc,prc_auc,precision,recall
Modello LogisticRegressionGD,0.947368,0.987083,0.885941,0.926829,0.123077,0.009434,0.889448,0.987081,0.982759,0.876923
Modello Scikit_learn,0.959064,0.985341,0.911823,0.944,0.092308,0.009434,0.913637,0.986767,0.983333,0.907692
