tp,fp,tn,fn,rand_index,precision,recall,f1_score,clusters,k_means_reduction
3050,914,6586,625,0.8622818791946308,0.7694248234106963,0.8299319727891157,0.798533839507789,3,8
