RMSE,MAE,R2,ExVar,MAPE
4.091386277547622,3.0960344678547096,0.9423203702184125,0.9424609373981335,0.6815964202699971
