{
    "RMSE": 3.911274474757424,
    "MAE": 2.855674301324823,
    "R2": 0.9472575063373263,
    "ExVar": 0.9473639065812035,
    "MAPE": 0.6294682298948879
}