{
    "RMSE": 3.711849998371066,
    "MAE": 2.680185798596312,
    "R2": 0.9524422109451413,
    "ExVar": 0.9525369893954719,
    "MAPE": 0.5911253254782711
}