{
    "RMSE": 4.091386277547622,
    "MAE": 3.0960344678547096,
    "R2": 0.9423203702184125,
    "ExVar": 0.9424609373981335,
    "MAPE": 0.6815964202699971
}