RMSE,MAE,R2,ExVar,MAPE
3.6995487994209335,2.516099700136492,0.9527158269726936,0.9528295362141745,0.555365899356701
