RMSE,MAE,R2,ExVar,MAPE
3.911274474757424,2.855674301324823,0.9472575063373263,0.9473639065812035,0.6294682298948879
