RMSE,MAE,R2,ExVar,MAPE
3.627810143455791,2.49824157450365,0.9546592503412944,0.954749184084568,0.5514827397883328
