RMSE,MAE,R2,ExVar,MAPE
3.711849998371066,2.680185798596312,0.9524422109451413,0.9525369893954719,0.5911253254782711
