{
    "RMSE": 3.6995487994209335,
    "MAE": 2.516099700136492,
    "R2": 0.9527158269726936,
    "ExVar": 0.9528295362141745,
    "MAPE": 0.555365899356701
}