{
    "RMSE": 3.627810143455791,
    "MAE": 2.49824157450365,
    "R2": 0.9546592503412944,
    "ExVar": 0.954749184084568,
    "MAPE": 0.5514827397883328
}