RMSE,MAE,R2,ExVar,MAPE
3.8976513274981337,2.9644713593616427,0.9476253476101872,0.9476254786072278,0.6531509220145301
