{
    "RMSE": 3.8976513274981337,
    "MAE": 2.9644713593616427,
    "R2": 0.9476253476101872,
    "ExVar": 0.9476254786072278,
    "MAPE": 0.6531509220145301
}