tp,fp,tn,fn,rand_index,precision,recall,f1_score,clusters,k_means_reduction
3099,900,6600,576,0.8679194630872483,0.7749437359339835,0.843265306122449,0.8076622361219703,3,12
