tp,fp,tn,fn,rand_index,precision,recall,f1_score,clusters,k_means_reduction
3054,790,6710,621,0.8737360178970918,0.7944849115504683,0.8310204081632653,0.8123420667641973,3,35
