tp,fp,tn,fn,rand_index,precision,recall,f1_score,clusters,k_means_reduction
3579,2400,5100,96,0.7766442953020134,0.5985950827897641,0.9738775510204082,0.7414543194530765,3,18
