tp,fp,tn,fn,rand_index,precision,recall,f1_score,clusters,k_means_reduction
2609,1274,6226,1066,0.7906040268456376,0.6719031676538759,0.7099319727891157,0.6903942842021699,3,80
