tp,fp,tn,fn,rand_index,precision,recall,f1_score,clusters,k_means_reduction
3059,1100,6400,616,0.8464429530201343,0.7355133445539793,0.8323809523809523,0.7809548123563952,3,35
