tp,fp,tn,fn,rand_index,precision,recall,f1_score,clusters,k_means_reduction
3001,1250,6250,674,0.8278299776286353,0.7059515408139261,0.8165986394557823,0.7572546050971486,3,95
