tp,fp,tn,fn,rand_index,precision,recall,f1_score,clusters,k_means_reduction
3066,1050,6450,609,0.8515436241610739,0.7448979591836735,0.8342857142857143,0.7870619946091645,3,16
