tp,fp,tn,fn,rand_index,precision,recall,f1_score,clusters,k_means_reduction
3246,1950,5550,429,0.7871140939597315,0.6247113163972287,0.883265306122449,0.7318227933716605,3,11
